id,name,email,gender,status
8410828,Dr. Mohammad Gaylord,flo.wisozk@hotmail.com,female,active
8410826,Hal Fritsch,patrice.krajcik@yahoo.com,female,active
8410759,Abram O'Conner,sudie.cummerata@gmail.com,female,active
8410755,Tony Stamm II,rrrrraa@gmail.com,female,active
8410754,Tony Stamm II,kakaiiyy@gmail.com,female,active
8410748,Tony Stamm II,garland.kozey@gmail.com,female,active
8410739,Jeffie Schultz,lee.sipes@hotmail.com,female,active
8410719,Svetlana Hammes,cameron.olson@hotmail.com,female,active
8410664,Ernie Bailey,omar.effertz@gmail.com,female,active
8410591,Sandy Hand,olivia.murazik@yahoo.com,female,active
